{"index": 1944, "selected_classes": ["crab-101", "ketch-101", "kangaroo-101", "yo-yo", "washing-machine", "mushroom", "greyhound", "horseshoe-crab", "minaret", "playing-card", "diamond-ring", "fried-egg", "teddy-bear", "jesus-christ", "license-plate", "treadmill"], "path": "/data/bowen/Text2Weight/data_gen/caltech256/checkpoints/1944/task.pt", "text_features": [-0.006885528564453125, 0.26123046875, 0.031036376953125, 0.0701904296875, -0.09039306640625, -0.018524169921875, -0.036712646484375, -0.6279296875, -0.149658203125, 0.1424560546875, 0.01329803466796875, -0.2215576171875, 0.275390625, -0.05926513671875, 0.04620361328125, -0.05047607421875, 0.181396484375, 0.1285400390625, -0.11236572265625, -0.03680419921875, 0.353515625, 0.027130126953125, 0.21142578125, 0.0462646484375, -0.07757568359375, 0.0855712890625, -0.1268310546875, 0.29541015625, -0.048309326171875, -0.017364501953125, -0.01385498046875, 0.1798095703125, -0.228515625, -0.0004596710205078125, -0.139404296875, -0.109619140625, 0.07550048828125, -0.0682373046875, -0.053009033203125, 0.1083984375, -0.09393310546875, 0.052764892578125, 0.050506591796875, 0.11700439453125, 0.316162109375, 0.07879638671875, 0.0740966796875, 0.1387939453125, -0.052581787109375, 0.061553955078125, 0.12420654296875, -0.06719970703125, 0.166015625, -0.133544921875, -0.1005859375, -0.197998046875, -0.130859375, -0.001407623291015625, -0.0132293701171875, 0.07818603515625, 0.3095703125, -0.302001953125, -0.0195159912109375, -0.025115966796875, 0.031829833984375, -0.127197265625, -0.0313720703125, 0.376220703125, -0.0207366943359375, -0.22705078125, -0.11376953125, -0.169921875, -0.0239105224609375, 0.2403564453125, -0.164794921875, -0.096923828125, 0.1771240234375, 0.2060546875, 0.03570556640625, -0.07037353515625, 0.12646484375, -0.0142059326171875, -0.05767822265625, 0.000713348388671875, -0.014801025390625, -0.03436279296875, 0.149658203125, -0.2469482421875, 0.0616455078125, 0.1439208984375, 0.0845947265625, -0.11669921875, -1.1943359375, 0.29150390625, 0.0838623046875, 0.031494140625, 0.004695892333984375, -0.1104736328125, -0.043304443359375, -0.119873046875, 0.1080322265625, 0.0496826171875, 0.056640625, -0.025238037109375, 0.0167083740234375, -0.0299835205078125, -0.09405517578125, 0.1524658203125, 0.07080078125, -0.04193115234375, -0.045440673828125, -0.206787109375, 0.058837890625, -0.08282470703125, -0.18359375, -0.06402587890625, 0.0887451171875, 0.1444091796875, 0.1561279296875, 0.0794677734375, 0.2333984375, -0.654296875, 0.060943603515625, -0.218994140625, -0.026885986328125, -0.10980224609375, 0.00917816162109375, -0.2861328125, -0.013031005859375, 0.30126953125, 0.060577392578125, -0.1962890625, -0.111572265625, 4.83984375, -0.0791015625, -0.06304931640625, -0.1961669921875, -0.359375, 0.003421783447265625, -0.1607666015625, -0.038909912109375, 0.039215087890625, -0.27099609375, 0.12371826171875, -0.2110595703125, 0.141845703125, -0.07080078125, -0.1722412109375, 0.018585205078125, -0.0689697265625, 0.1337890625, -0.038055419921875, 0.030426025390625, 0.1798095703125, 0.0301055908203125, 0.036712646484375, 0.0008368492126464844, -0.1571044921875, 0.01517486572265625, 0.249755859375, -0.033233642578125, -0.1844482421875, -0.01247406005859375, -0.12005615234375, -0.035980224609375, -0.06744384765625, 0.2088623046875, -0.135009765625, 0.2098388671875, -0.01479339599609375, -0.06878662109375, -0.1142578125, 0.031982421875, -0.0012350082397460938, -0.275146484375, 0.1234130859375, -0.08172607421875, 0.284912109375, 0.09686279296875, 0.082275390625, -0.1702880859375, 0.0284423828125, -0.138916015625, -0.0716552734375, -0.1751708984375, -0.005290985107421875, 0.036895751953125, -0.119384765625, -0.019775390625, 0.0130462646484375, 0.1678466796875, -0.023193359375, -0.00914764404296875, 0.00408172607421875, 0.0767822265625, 0.0567626953125, -0.10931396484375, -0.1513671875, -0.10491943359375, -0.0804443359375, -0.070068359375, -0.221435546875, 0.01145172119140625, 0.1878662109375, 0.078125, -0.1116943359375, 0.261474609375, -0.3388671875, 0.00882720947265625, 0.004009246826171875, 0.30517578125, 0.257568359375, 0.0999755859375, 0.14013671875, -0.1361083984375, -0.0203094482421875, 0.036163330078125, 0.064208984375, -0.1993408203125, 0.042816162109375, 0.1884765625, -0.150146484375, -0.2242431640625, -0.1605224609375, 0.1846923828125, -0.00778961181640625, -0.0272979736328125, -0.055450439453125, 0.0789794921875, -0.08770751953125, 0.05517578125, 0.1060791015625, 0.009613037109375, 0.04583740234375, 0.00543975830078125, -0.05194091796875, -0.0458984375, -0.0207672119140625, -0.168701171875, -0.0531005859375, 0.0136566162109375, 0.33154296875, -0.01294708251953125, 0.046875, -0.1519775390625, 0.044464111328125, 0.10943603515625, 0.10369873046875, -0.0634765625, -0.1444091796875, 0.015380859375, -0.015472412109375, 0.2220458984375, 0.298583984375, -0.0285186767578125, -0.0200042724609375, -0.1055908203125, -0.1436767578125, 0.0836181640625, 0.310302734375, -0.16259765625, -0.05340576171875, 0.036590576171875, -0.034332275390625, -0.092529296875, 0.07012939453125, 0.018890380859375, -0.138427734375, -0.17626953125, 0.0191802978515625, -0.084716796875, 0.10919189453125, 0.058563232421875, -0.07293701171875, -0.20361328125, 0.002079010009765625, 0.06658935546875, 0.25146484375, 0.177490234375, 0.358154296875, 0.02679443359375, 0.0850830078125, 0.06976318359375, 0.07318115234375, -0.06768798828125, 0.033660888671875, -0.058441162109375, -0.051177978515625, 0.201904296875, -0.051055908203125, 0.1552734375, -0.0284423828125, 0.04656982421875, 0.0204925537109375, -0.026702880859375, 0.026947021484375, -0.15625, 0.052490234375, -0.058074951171875, -0.15478515625, 0.1607666015625, -0.1182861328125, 0.0043182373046875, 0.05999755859375, -0.1878662109375, -0.3759765625, -0.10101318359375, -0.0256195068359375, -0.004730224609375, -0.07672119140625, 0.11151123046875, -0.00785064697265625, 4.83984375, -0.053955078125, 0.003307342529296875, 0.1583251953125, 0.190185546875, 0.0758056640625, 0.1871337890625, -0.1458740234375, 0.446533203125, 0.24755859375, 0.26220703125, -0.006351470947265625, -0.045806884765625, -0.020751953125, -0.1544189453125, -0.1583251953125, 0.07757568359375, -1.1650390625, 0.0020904541015625, 0.0034732818603515625, -0.10040283203125, 0.0195465087890625, 0.20458984375, -0.0782470703125, 0.1485595703125, -0.049957275390625, 0.03387451171875, 0.052703857421875, -0.11279296875, -0.1478271484375, 0.2578125, -0.093994140625, 0.11871337890625, -0.2469482421875, 0.100830078125, 0.06536865234375, -0.08123779296875, -0.081787109375, 0.10015869140625, 0.05609130859375, 0.065673828125, 0.186767578125, -0.212890625, -0.116455078125, -0.0268707275390625, -0.0809326171875, 0.037506103515625, 0.12249755859375, 0.0321044921875, -0.1529541015625, -0.09033203125, 0.1885986328125, 0.10693359375, -0.053131103515625, 0.010284423828125, -0.0012979507446289062, 0.1494140625, -0.11956787109375, -0.164794921875, 0.051849365234375, 0.07684326171875, 0.146484375, -0.02734375, -0.1949462890625, 0.005107879638671875, -0.04425048828125, -0.280517578125, -0.004974365234375, -0.048431396484375, -0.18701171875, 0.06488037109375, -0.07904052734375, 0.14404296875, -0.1160888671875, -0.206787109375, 0.040771484375, -0.1534423828125, -0.0682373046875, -0.37109375, 0.334716796875, -0.08056640625, 0.0841064453125, 0.06268310546875, -0.03131103515625, -0.01580810546875, -0.11505126953125, -0.22265625, 0.27880859375, -0.0997314453125, -0.0116119384765625, 0.1680908203125, 0.0309906005859375, -0.1326904296875, -0.0196990966796875, 0.07989501953125, -0.0289154052734375, 0.07281494140625, -0.12469482421875, 0.088623046875, -0.139404296875, -0.004673004150390625, 0.275146484375, 0.0762939453125, 0.09442138671875, 0.042236328125, -0.06121826171875, 0.1357421875, -0.1868896484375, -0.0005846023559570312, -0.27783203125, 0.040283203125, -0.385986328125, 0.01369476318359375, -0.0096588134765625, -0.1761474609375, 0.0555419921875, 