{"index": 2757, "selected_classes": ["possum", "bed", "bus", "forest", "tulip", "rose", "dolphin", "butterfly", "crocodile", "bicycle", "lizard", "orange", "pine_tree", "leopard", "tractor", "fox"], "path": "/data/bowen/Text2Weight/data_gen/cifar100/checkpoints/2757/task.pt", "text_features": [0.0215606689453125, 0.1060791015625, 0.0305023193359375, -0.0289154052734375, -0.1766357421875, 0.005641937255859375, -0.2030029296875, -0.79736328125, -0.1463623046875, 0.12249755859375, -0.08648681640625, -0.368408203125, 0.0311279296875, -0.1002197265625, 0.1827392578125, -0.0172119140625, 0.2005615234375, 0.1580810546875, -0.11871337890625, 0.1282958984375, 0.578125, 0.0601806640625, 0.215087890625, 0.01409149169921875, -0.170654296875, 0.1890869140625, -0.033966064453125, 0.36279296875, -0.1600341796875, 0.02764892578125, 0.0908203125, 0.2462158203125, -0.150390625, 0.2763671875, -0.2388916015625, -0.05841064453125, -0.020538330078125, 0.0126953125, -0.11407470703125, 0.1627197265625, -0.059814453125, -0.0154571533203125, 0.03436279296875, 0.08477783203125, 0.25048828125, 0.11346435546875, -0.054290771484375, 0.1590576171875, -0.017852783203125, -0.0345458984375, 0.1009521484375, -0.171142578125, 0.237548828125, -0.1929931640625, -0.0799560546875, -0.255126953125, -0.04522705078125, -0.03546142578125, 0.046875, 0.257080078125, 0.315185546875, -0.278076171875, -0.08062744140625, 0.057342529296875, 0.1353759765625, -0.0977783203125, -0.0328369140625, 0.1649169921875, 0.05615234375, -0.053741455078125, -0.040802001953125, -0.044464111328125, -0.039642333984375, 0.282958984375, -0.09197998046875, -0.341796875, 0.126708984375, 0.2486572265625, 0.0745849609375, -0.1195068359375, 0.11968994140625, 0.13232421875, -0.1937255859375, -0.06689453125, 0.02264404296875, -0.05877685546875, 0.2144775390625, -0.27685546875, 0.135009765625, 0.023193359375, 0.10235595703125, -0.0294036865234375, -1.236328125, 0.326416015625, 0.08087158203125, 0.0271759033203125, 0.11688232421875, -0.0276947021484375, -0.14404296875, -0.2398681640625, 0.07598876953125, 0.050689697265625, 0.022216796875, 0.01219940185546875, -0.06793212890625, -0.047393798828125, 0.06298828125, 0.209716796875, 0.2166748046875, 0.03424072265625, -0.11956787109375, -0.2208251953125, 0.1533203125, 0.0121307373046875, -0.1676025390625, 0.022705078125, 0.0531005859375, 0.214111328125, 0.11883544921875, 0.00988006591796875, 0.132080078125, -0.82373046875, 0.00276947021484375, -0.370361328125, 0.03271484375, -0.301513671875, -0.09869384765625, -0.232177734375, 0.093017578125, 0.365966796875, 0.038726806640625, -0.302490234375, -0.1619873046875, 5.13671875, 0.00030040740966796875, -0.17626953125, -0.239013671875, -0.42578125, -0.040740966796875, -0.20068359375, -0.188232421875, 0.1339111328125, -0.307861328125, 0.054412841796875, -0.26123046875, 0.176025390625, -0.02801513671875, -0.318115234375, 0.00514984130859375, -0.072021484375, 0.09716796875, -0.047210693359375, 0.0999755859375, 0.1678466796875, -0.0211334228515625, -0.05889892578125, 0.0538330078125, -0.258544921875, -0.0167083740234375, 0.10589599609375, -0.023956298828125, -0.2156982421875, 0.094970703125, -0.1944580078125, -0.0296630859375, -0.182861328125, 0.197265625, -0.1705322265625, 0.1422119140625, -0.0360107421875, -0.08740234375, -0.2420654296875, 0.082275390625, -0.11248779296875, -0.314208984375, 0.276123046875, -0.1285400390625, 0.20068359375, -0.06463623046875, -0.0299224853515625, -0.07952880859375, 0.1361083984375, -0.232177734375, -0.1119384765625, -0.241943359375, 0.0751953125, -0.0281219482421875, -0.2086181640625, -0.1083984375, -0.0826416015625, 0.05279541015625, -0.1214599609375, 0.0966796875, -0.0751953125, 0.00305938720703125, 0.100830078125, -0.069580078125, -0.142578125, -0.084228515625, -0.1513671875, -0.1021728515625, -0.2156982421875, 0.0003783702850341797, 0.153564453125, 0.142333984375, -0.08056640625, 0.237060546875, -0.28515625, -0.04290771484375, -0.1416015625, 0.2362060546875, 0.261962890625, 0.0926513671875, 0.1021728515625, -0.135009765625, -0.042816162109375, -0.10321044921875, -0.116943359375, -0.02471923828125, 0.09710693359375, 0.1453857421875, -0.03363037109375, -0.07550048828125, -0.201904296875, 0.09405517578125, -0.1617431640625, 0.191162109375, -0.124755859375, 0.0267791748046875, -0.1678466796875, 0.0283660888671875, 0.02716064453125, 0.1138916015625, 0.08062744140625, -0.0665283203125, 0.05938720703125, -0.07733154296875, -0.04315185546875, -0.30615234375, -0.1363525390625, -0.075927734375, 0.3662109375, -0.1629638671875, -0.0279998779296875, -0.09423828125, -0.12493896484375, -0.046661376953125, -0.01141357421875, 0.11273193359375, -0.1683349609375, -0.194091796875, 0.0257415771484375, 0.1676025390625, 0.267822265625, -0.0906982421875, 0.00860595703125, -0.03656005859375, -0.07080078125, 0.1180419921875, 0.302734375, -0.152099609375, 0.1732177734375, 0.045562744140625, -0.0024547576904296875, -0.08056640625, 0.05792236328125, 0.03253173828125, -0.25390625, -0.20751953125, 0.0849609375, -0.215576171875, 0.136962890625, 0.02996826171875, -0.089599609375, -0.1171875, -0.023651123046875, 0.192626953125, 0.137939453125, 0.2001953125, 0.2403564453125, 0.09844970703125, 0.0865478515625, 0.186767578125, 0.1591796875, -0.08074951171875, -0.069091796875, -0.0999755859375, 0.0987548828125, 0.187255859375, -0.0296173095703125, 0.053497314453125, 0.0059661865234375, -0.07244873046875, -0.06390380859375, -0.2052001953125, -0.050872802734375, -0.1788330078125, 0.069091796875, -0.06005859375, -0.1126708984375, 0.09271240234375, -0.10198974609375, -0.12396240234375, -0.11236572265625, -0.1383056640625, -0.271728515625, -0.11309814453125, -0.1754150390625, 0.052581787109375, -0.07952880859375, 0.11199951171875, -0.1478271484375, 5.1328125, 0.0947265625, -0.055877685546875, 0.102783203125, 0.206298828125, 0.1688232421875, 0.2239990234375, -0.08477783203125, 0.309326171875, 0.30224609375, 0.25537109375, -0.022705078125, -0.1070556640625, -0.049835205078125, -0.05810546875, -0.1571044921875, 0.0650634765625, -1.2861328125, -0.11627197265625, 0.0435791015625, 0.0535888671875, -0.005008697509765625, 0.0457763671875, -0.03631591796875, 0.201171875, 0.09033203125, 0.11810302734375, 0.07879638671875, -0.1739501953125, -0.1846923828125, 0.239501953125, -0.224365234375, 0.060455322265625, -0.0771484375, 0.1414794921875, 0.2122802734375, -0.10760498046875, -0.00809478759765625, 0.120361328125, 0.0212860107421875, 0.204345703125, 0.22216796875, -0.08624267578125, -0.07208251953125, 0.00933074951171875, -0.050262451171875, -0.088134765625, 0.2744140625, 0.11163330078125, -0.259765625, -0.1270751953125, 0.301513671875, 0.1217041015625, 0.0265960693359375, 0.101318359375, 0.0297088623046875, 0.270263671875, -0.161376953125, -0.1436767578125, -0.0623779296875, -0.07318115234375, 0.1722412109375, -0.1513671875, -0.1226806640625, -0.0276336669921875, 0.1173095703125, -0.298583984375, -0.041595458984375, 0.03302001953125, -0.09893798828125, 0.057373046875, -0.08099365234375, 0.2152099609375, -0.00583648681640625, -0.0714111328125, 0.08526611328125, -0.147705078125, -0.049346923828125, -0.456787109375, 0.28662109375, -0.10205078125, 0.127197265625, 0.08343505859375, 0.0234222412109375, -0.0611572265625, -0.07232666015625, -0.27783203125, 0.375732421875, 0.156494140625, -0.03363037109375, 0.06964111328125, -0.020843505859375, -0.1602783203125, 0.0222930908203125, -0.0128173828125, -0.00038313865661621094, 0.1695556640625, -0.08843994140625, 0.1444091796875, -0.07171630859375, 0.054351806640625, 0.1842041015625, 0.057861328125, 0.1507568359375, 0.057342529296875, -0.1939697265625, -0.06585693359375, -0.1383056640625, 0.060089111328125, -0.190185546875, 0.0576171875, -0.515625, -0.01654052734375, 0.22607421875, -0.081787109375, 0.01351165771484375, 0.12042236328125, 0.1702880859375, -0.01611328125, -0.1107177734375, -0.07733154296875, -0.064453125, 0.06463623046875, -0.0823974609375, -0.11383056640625, 0.046112060546875, -0.1302490234375, 