{"index": 11877, "selected_classes": ["Egyptian cat", "dugong", "vestment", "chain", "jinrikisha", "miniskirt", "sulphur butterfly", "fountain", "barn", "mashed potato", "trilobite", "spiny lobster", "bucket", "convertible", "lampshade", "pay-phone"], "path": "/data/bowen/Text2Weight/data_gen/imagenet/checkpoints/11877/task.pt", "text_features": [-0.08074951171875, 0.2069091796875, -0.026611328125, -0.0570068359375, -0.11810302734375, -0.10186767578125, -0.0537109375, -0.68408203125, -0.10162353515625, 0.1737060546875, -0.08642578125, -0.18701171875, 0.2095947265625, -0.07958984375, 0.06378173828125, -0.053009033203125, 0.13330078125, 0.11126708984375, -0.027740478515625, 0.10833740234375, 0.3388671875, 0.044586181640625, 0.2236328125, 0.00751495361328125, -0.07672119140625, 0.263916015625, -0.1727294921875, 0.2249755859375, -0.111328125, 0.1431884765625, -0.04266357421875, 0.09307861328125, -0.07635498046875, 0.06451416015625, -0.1435546875, -0.07135009765625, 0.01230621337890625, 0.031280517578125, -0.15283203125, 0.1007080078125, -0.01155853271484375, -0.071044921875, 0.034515380859375, 0.00476837158203125, 0.1822509765625, 0.06951904296875, 0.11016845703125, 0.1290283203125, 0.055877685546875, -0.03753662109375, 0.08319091796875, -0.1414794921875, 0.2498779296875, -0.1927490234375, -0.17626953125, -0.06341552734375, -0.07659912109375, -0.030059814453125, 0.020111083984375, 0.037506103515625, 0.2431640625, -0.234375, -0.0870361328125, -0.04534912109375, -0.026947021484375, -0.1534423828125, 0.02197265625, 0.237548828125, -0.0197906494140625, -0.07037353515625, 0.054351806640625, -0.150146484375, -0.003894805908203125, 0.11285400390625, -0.0863037109375, -0.1512451171875, 0.2066650390625, 0.15869140625, 0.1015625, -0.07867431640625, 0.03289794921875, -0.053497314453125, -0.04791259765625, -0.1424560546875, 0.00760650634765625, 0.045379638671875, 0.09259033203125, -0.167236328125, -0.0791015625, -0.042449951171875, 0.02191162109375, -0.09820556640625, -1.1953125, 0.3310546875, -0.050201416015625, -0.03143310546875, 0.04156494140625, -0.0992431640625, -0.03155517578125, -0.085693359375, 0.1168212890625, -0.041229248046875, -0.1505126953125, -0.0179595947265625, 0.0245513916015625, -0.0465087890625, 0.022796630859375, 0.03265380859375, 0.09271240234375, -0.0251312255859375, -0.182861328125, -0.173095703125, 0.1336669921875, -0.10406494140625, -0.201416015625, 0.1019287109375, -0.055999755859375, 0.1907958984375, 0.007648468017578125, 0.0950927734375, 0.0411376953125, -0.7451171875, -0.059722900390625, -0.2301025390625, 0.04058837890625, -0.00980377197265625, 0.0232086181640625, -0.1561279296875, -0.036956787109375, 0.28271484375, 0.032867431640625, -0.05157470703125, -0.0767822265625, 4.48828125, -0.043304443359375, -0.03375244140625, -0.304931640625, -0.374267578125, 0.015655517578125, -0.252685546875, -0.152587890625, 0.10906982421875, -0.27294921875, 0.1512451171875, -0.2027587890625, 0.1307373046875, -0.08795166015625, -0.227294921875, 0.030609130859375, -0.06414794921875, 0.08038330078125, -0.1513671875, 0.061065673828125, 0.205078125, -0.0394287109375, 0.05108642578125, 0.06805419921875, -0.1142578125, 0.111572265625, 0.1268310546875, -0.03759765625, -0.1861572265625, 0.0169219970703125, -0.1688232421875, -0.055908203125, -0.087890625, 0.10357666015625, -0.06060791015625, 0.2481689453125, 0.059295654296875, 0.02398681640625, -0.07879638671875, 0.018646240234375, -0.032318115234375, -0.25146484375, 0.236083984375, -0.06207275390625, 0.156982421875, 0.042572021484375, -0.06182861328125, -0.157958984375, -0.03045654296875, -0.203125, 0.051544189453125, -0.231201171875, -0.060882568359375, 0.12188720703125, -0.212646484375, -0.072265625, 0.0276641845703125, 0.06365966796875, -0.0318603515625, -0.0784912109375, -0.05535888671875, 0.1484375, 0.016998291015625, 0.005096435546875, -0.08221435546875, -0.1287841796875, -0.136474609375, -0.02264404296875, -0.07000732421875, -0.009490966796875, 0.249755859375, 0.0599365234375, -0.153076171875, 0.2822265625, -0.1719970703125, 0.1492919921875, 0.1029052734375, 0.2393798828125, 0.1966552734375, 0.0469970703125, 0.17138671875, -0.023590087890625, -0.048919677734375, -0.11236572265625, -0.1544189453125, -0.07818603515625, 0.00347137451171875, 0.1263427734375, 0.040130615234375, -0.1263427734375, -0.10186767578125, 0.1080322265625, 0.08624267578125, 0.059173583984375, -0.11083984375, -0.11761474609375, -0.194091796875, 0.07244873046875, 0.07763671875, 0.0156402587890625, 0.023681640625, 0.100341796875, -0.01078033447265625, -0.06024169921875, -0.02899169921875, -0.2305908203125, -0.0755615234375, 0.042449951171875, 0.183837890625, -0.0390625, -0.059967041015625, -0.1063232421875, 0.084228515625, 0.180419921875, 0.11016845703125, -0.035400390625, -0.1556396484375, -0.06402587890625, -0.084228515625, 0.221923828125, 0.322998046875, -0.08551025390625, 0.04345703125, -0.09686279296875, -0.0216827392578125, 0.11163330078125, 0.299560546875, -0.1546630859375, 0.11334228515625, -0.12164306640625, -0.062408447265625, -0.11346435546875, 0.087158203125, 0.1334228515625, -0.101806640625, -0.2255859375, -0.0535888671875, -0.08685302734375, 0.1571044921875, 0.0762939453125, 0.0134429931640625, -0.2230224609375, 0.07379150390625, 0.0389404296875, 0.1644287109375, 0.0576171875, 0.07196044921875, 0.05059814453125, 0.0869140625, 0.021240234375, 0.07073974609375, -0.188232421875, -0.0288848876953125, -0.0927734375, 0.0023097991943359375, 0.2330322265625, -0.003604888916015625, 0.200927734375, -0.051025390625, 0.01462554931640625, 0.133544921875, -0.0168914794921875, -0.02423095703125, -0.11834716796875, 0.06573486328125, -0.00949859619140625, -0.1871337890625, 0.0176239013671875, -0.0987548828125, 0.0579833984375, 0.006977081298828125, -0.11279296875, -0.2119140625, -0.1546630859375, 0.01508331298828125, 0.0599365234375, -0.08477783203125, -0.0074005126953125, -0.0289459228515625, 4.48828125, 0.047576904296875, 0.064697265625, 0.130126953125, 0.03680419921875, 0.05157470703125, 0.10394287109375, -0.10162353515625, 0.222900390625, 0.250244140625, 0.345947265625, 0.03826904296875, -0.161376953125, -0.049652099609375, -0.1015625, 0.0257568359375, 0.06854248046875, -1.2421875, -0.00385284423828125, 0.0189056396484375, -0.07257080078125, -0.1483154296875, 0.1134033203125, 0.051300048828125, 0.0963134765625, 0.06634521484375, -0.001438140869140625, 0.128662109375, -0.09783935546875, -0.142333984375, 0.296630859375, -0.0721435546875, 0.058990478515625, -0.1649169921875, 0.1181640625, 0.1785888671875, -0.08221435546875, -0.038238525390625, 0.1627197265625, 0.0306396484375, 0.076416015625, 0.20654296875, -0.0994873046875, -0.193603515625, -0.01149749755859375, -0.01364898681640625, 0.0208740234375, 0.1175537109375, -0.026580810546875, -0.1895751953125, -0.08038330078125, 0.1785888671875, 0.10382080078125, -0.1414794921875, 0.0248870849609375, -0.042755126953125, 0.1883544921875, -0.0904541015625, -0.1287841796875, 0.041046142578125, 0.0043792724609375, 0.250732421875, -0.038543701171875, -0.1287841796875, -0.0863037109375, 0.047607421875, -0.1693115234375, -0.0225982666015625, 0.04327392578125, -0.091796875, 0.0877685546875, 0.026092529296875, 0.265869140625, -0.0919189453125, -0.0287628173828125, -0.0162506103515625, -0.25732421875, -0.032012939453125, -0.465087890625, 0.229248046875, -0.08892822265625, 0.1259765625, 0.01812744140625, -0.027496337890625, 0.06524658203125, -0.058929443359375, -0.1552734375, 0.345947265625, 0.09912109375, -0.1409912109375, 0.11346435546875, -0.0227813720703125, -0.234375, -0.1539306640625, 0.02996826171875, -0.052825927734375, 0.1668701171875, -0.043182373046875, 0.10028076171875, -0.166259765625, -0.00080108642578125, 0.162353515625, -0.07843017578125, 0.1533203125, 0.0144195556640625, -0.0999755859375, 0.00756072998046875, -0.2113037109375, -0.0400390625, -0.220703125, 0.04736328125, -0.52490234375, 0.12274169921875, 0.1395263671875, -0.08447265625, -0.08270263671875, 0.08447265625, 0.10064697265625, 